{
    "openapi": "3.0.0",
    "info": {
        "title": "My First API",
        "version": "0.1"
    },
    "paths": {
        "/api/testing/{mytest}": {
            "get": {
                "summary": "Get Testing",
                "operationId": "testing",
                "parameters": [
                    {
                        "name": "mytest",
                        "in": "path",
                        "required": true
                    }
                ],
                "responses": {
                    "200": {
                        "description": "successful operation"
                    },
                    "406": {
                        "description": "not acceptable"
                    },
                    "500": {
                        "description": "internal server error"
                    }
                }
            }
        }
    },
    "security": [
        []
    ]
}